{
  "slope": 0.06442914659742746,
  "intercept": -124.25621129503868,
  "r_squared": 0.9963507313102176,
  "calibration_data": {
    "raw_values": [
      1870.0,
      2580.0,
      3340.0,
      4095.0,
      1170.0,
      445.0,
      0.0
    ],
    "reference_values": [
      0.0,
      45.0,
      90.0,
      135.0,
      -45.0,
      -90.0,
      -135.0
    ]
  },
  "timestamp": "generated_by_sensoracore"
}